file,error,target
s02-04-mapping-the-chapters-of-this-b.html:,href="judge_1.0-ch02#judge_1.0-ch02",s03-00-what-is-organizational-capacit.html
s02-04-mapping-the-chapters-of-this-b.html:,href="judge_1.0-ch03#judge_1.0-ch03",s04-00-occ-dimension-1-trustworthy-le.html
s02-04-mapping-the-chapters-of-this-b.html:,href="judge_1.0-ch04#judge_1.0-ch04",s05-00-occ-dimension-2-trusting-follo.html
s02-04-mapping-the-chapters-of-this-b.html:,href="judge_1.0-ch05#judge_1.0-ch05",s06-00-occ-dimension-3-capable-champi.html
s02-04-mapping-the-chapters-of-this-b.html:,href="judge_1.0-ch06#judge_1.0-ch06",s07-00-occ-dimension-4-involved-midma.html
s02-04-mapping-the-chapters-of-this-b.html:,href="judge_1.0-ch07#judge_1.0-ch07",s08-00-occ-dimension-5-systems-thinki.html
s02-04-mapping-the-chapters-of-this-b.html:,href="judge_1.0-ch08#judge_1.0-ch08",s09-00-occ-dimension-6-communication-.html
s02-04-mapping-the-chapters-of-this-b.html:,href="judge_1.0-ch09#judge_1.0-ch09",s10-00-occ-dimension-7-accountable-cu.html
s02-04-mapping-the-chapters-of-this-b.html:,href="judge_1.0-ch10#judge_1.0-ch10",s11-00-occ-dimension-8-innovative-cul.html
s02-04-mapping-the-chapters-of-this-b.html:,href="judge_1.0-ch11#judge_1.0-ch11",s12-the-big-picture.html
s02-04-mapping-the-chapters-of-this-b.html:,href="judge_1.0-ch12appA#judge_1.0-ch12appA",s13-appendix-a-occ-survey-instrume.html
s02-04-mapping-the-chapters-of-this-b.html:,href="judge_1.0-ch13appB#judge_1.0-ch13appB",s14-appendix-b-8-dimensions-and-fa.html
s02-04-mapping-the-chapters-of-this-b.html:,href="judge_1.0-ch14appC#judge_1.0-ch14appC",s15-appendix-c-occ-benchmarking.html
s02-04-mapping-the-chapters-of-this-b.html:,href="judge_1.0-ch15appD#judge_1.0-ch15appD",s16-appendix-d-occ-benchmarking.html
s02-04-mapping-the-chapters-of-this-b.html:,href="judge_1.0-ch16appE#judge_1.0-ch16appE",s17-00-appendix-e-resources.html
s02-04-mapping-the-chapters-of-this-b.html:,href="judge_1.0-ch17refs#judge_1.0-ch17refs",s18-references.html
s02-the-strategic-leader-s-new-man.html:,href="judge_1.0-ch02#judge_1.0-ch02",s03-00-what-is-organizational-capacit.html
s02-the-strategic-leader-s-new-man.html:,href="judge_1.0-ch03#judge_1.0-ch03",s04-00-occ-dimension-1-trustworthy-le.html
s02-the-strategic-leader-s-new-man.html:,href="judge_1.0-ch04#judge_1.0-ch04",s05-00-occ-dimension-2-trusting-follo.html
s02-the-strategic-leader-s-new-man.html:,href="judge_1.0-ch05#judge_1.0-ch05",s06-00-occ-dimension-3-capable-champi.html
s02-the-strategic-leader-s-new-man.html:,href="judge_1.0-ch06#judge_1.0-ch06",s07-00-occ-dimension-4-involved-midma.html
s02-the-strategic-leader-s-new-man.html:,href="judge_1.0-ch07#judge_1.0-ch07",s08-00-occ-dimension-5-systems-thinki.html
s02-the-strategic-leader-s-new-man.html:,href="judge_1.0-ch08#judge_1.0-ch08",s09-00-occ-dimension-6-communication-.html
s02-the-strategic-leader-s-new-man.html:,href="judge_1.0-ch09#judge_1.0-ch09",s10-00-occ-dimension-7-accountable-cu.html
s02-the-strategic-leader-s-new-man.html:,href="judge_1.0-ch10#judge_1.0-ch10",s11-00-occ-dimension-8-innovative-cul.html
s02-the-strategic-leader-s-new-man.html:,href="judge_1.0-ch11#judge_1.0-ch11",s12-the-big-picture.html
s02-the-strategic-leader-s-new-man.html:,href="judge_1.0-ch12appA#judge_1.0-ch12appA",s13-appendix-a-occ-survey-instrume.html
s02-the-strategic-leader-s-new-man.html:,href="judge_1.0-ch13appB#judge_1.0-ch13appB",s14-appendix-b-8-dimensions-and-fa.html
s02-the-strategic-leader-s-new-man.html:,href="judge_1.0-ch14appC#judge_1.0-ch14appC",s15-appendix-c-occ-benchmarking.html
s02-the-strategic-leader-s-new-man.html:,href="judge_1.0-ch15appD#judge_1.0-ch15appD",s16-appendix-d-occ-benchmarking.html
s02-the-strategic-leader-s-new-man.html:,href="judge_1.0-ch16appE#judge_1.0-ch16appE",s17-00-appendix-e-resources.html
s02-the-strategic-leader-s-new-man.html:,href="judge_1.0-ch17refs#judge_1.0-ch17refs",s18-references.html
s12-03-assessing-your-organizational-.html:,href="judge_1.0-ch12appA#judge_1.0-ch12appA",s13-appendix-a-occ-survey-instrume.html
s12-03-assessing-your-organizational-.html:,href="judge_1.0-ch13appB#judge_1.0-ch13appB",s14-appendix-b-8-dimensions-and-fa.html
s12-03-assessing-your-organizational-.html:,href="judge_1.0-ch14appC#judge_1.0-ch14appC",s15-appendix-c-occ-benchmarking.html
s12-03-assessing-your-organizational-.html:,href="judge_1.0-ch15appD#judge_1.0-ch15appD",s16-appendix-d-occ-benchmarking.html
s12-the-big-picture.html:,href="judge_1.0-ch12appA#judge_1.0-ch12appA",s13-appendix-a-occ-survey-instrume.html
s12-the-big-picture.html:,href="judge_1.0-ch13appB#judge_1.0-ch13appB",s14-appendix-b-8-dimensions-and-fa.html
s12-the-big-picture.html:,href="judge_1.0-ch14appC#judge_1.0-ch14appC",s15-appendix-c-occ-benchmarking.html
s12-the-big-picture.html:,href="judge_1.0-ch15appD#judge_1.0-ch15appD",s16-appendix-d-occ-benchmarking.html
